Card1,Card2,Level
Mountebank,Chapel,8
Tournament,Ambassador,8
Governor,Chapel,8
Mint,Fool'sGold,7
Witch,Chapel,7
Tournament,Chapel,7
Caravan,Ambassador,6
Upgrade,Chapel,6
Mountebank,Hamlet,6
Tournament,Masquerade,6
HuntingParty,Chapel,6
Vault,Chapel,6
TradingPost,Haven,6
Wharf,Fool'sGold,6
Mountebank,Crossroads,6
Minion,Chapel,6
SeaHag,Fool'sGold,6
Mountebank,NativeVillage,6
Witch,Fool'sGold,5
Witch,Crossroads,5
Mountebank,Fool'sGold,5
Bazaar,Chapel,5
TradingPost,Lighthouse,5
Treasury,Chapel,5
TradingPost,,5
SpiceMerchant,Ambassador,5
Mountebank,Haven,5
TradingPost,Courtyard,5
Caravan,Masquerade,5
GhostShip,Chapel,5
Mountebank,Pawn,5
Laboratory,Chapel,5
TradingPost,PearlDiver,5
YoungWitch,Tunnel,5
Mountebank,Lighthouse,5
Mountebank,PearlDiver,5
TradingPost,Hamlet,5
YoungWitch,Chapel,5
Witch,Hamlet,5
Mountebank,Courtyard,5
Market,Chapel,5
TradingPost,Chapel,5
TradingPost,Pawn,5
Ambassador,Fool'sGold,5
Highway,Chapel,5
Mountebank,Cellar,5
Tournament,Steward,5
Potion,Ambassador,5
Monument,Chapel,5
Witch,Haven,5
Witch,Lighthouse,5
Ambassador,Ambassador,5
Haggler,Chapel,5
Mountebank,Embargo,5
Witch,NativeVillage,5
FishingVillage,Masquerade,5
Torturer,Chapel,5
SeaHag,Lookout,5
Witch,Moat,5
Wharf,Chapel,5
Stables,Chapel,5
Jester,Chapel,4
Venture,Chapel,4
Witch,Embargo,4
Quarry,Ambassador,4
Mountebank,Duchess,4
Witch,PearlDiver,4
Explorer,Chapel,4
SeaHag,Steward,4
Upgrade,Courtyard,4
Ambassador,Scheme,4
Witch,Cellar,4
Loan,Masquerade,4
SpiceMerchant,Masquerade,4
Mountebank,,4
YoungWitch,Lookout,4
Militia,Chapel,4
Witch,Pawn,4
Worker'sVillage,Ambassador,4
Ambassador,FishingVillage,4
JackofAllTrades,FishingVillage,4
Witch,,4
Torturer,Crossroads,4
Witch,Courtyard,4
Militia,Ambassador,4
JackofAllTrades,Warehouse,4
Masquerade,Silver,4
Swindler,Chapel,4
SeaHag,Warehouse,4
JackofAllTrades,Ambassador,4
JackofAllTrades,Scheme,4
Wharf,Crossroads,4
SeaHag,FishingVillage,4
TradingPost,Moat,4
TradingPost,Embargo,4
Margrave,Fool'sGold,4
SpiceMerchant,Steward,4
Bishop,Chapel,4
Chapel,Fool'sGold,4
YoungWitch,WishingWell,4
TradingPost,NomadCamp,4
Steward,Fool'sGold,4
Worker'sVillage,Masquerade,4
Quarry,Chapel,4
SeaHag,Scheme,4
WalledVillage,Masquerade,4
Upgrade,Haven,4
Mine,Chapel,4
YoungWitch,Ambassador,4
Ambassador,Loan,4
Potion,Masquerade,4
Mountebank,NomadCamp,4
Festival,Chapel,4
MiningVillage,Ambassador,4
Ill-GottenGains,Courtyard,4
SeaHag,Chapel,4
FarmingVillage,Ambassador,4
TradingPost,Crossroads,4
SeaHag,Loan,4
JackofAllTrades,Chapel,4
Masquerade,Fool'sGold,4
Upgrade,Lighthouse,4
Mountebank,Moat,4
JackofAllTrades,Lookout,4
Ambassador,Lighthouse,4
Ambassador,Village,4
JackofAllTrades,ShantyTown,4
FarmingVillage,Masquerade,4
Remodel,Fool'sGold,4
Masquerade,ShantyTown,4
Monument,Masquerade,4
SeaHag,Ambassador,4
Monument,Ambassador,4
Witch,NomadCamp,4
MiningVillage,Masquerade,4
Trader,Swindler,4
Masquerade,Village,4
Moneylender,Ambassador,4
Margrave,Chapel,4
TradingPost,Fool'sGold,4
Chapel,Hamlet,3
Tournament,Swindler,3
SeaHag,Silver,3
WalledVillage,Ambassador,3
MerchantShip,Chapel,3
Militia,Masquerade,3
Tournament,Lookout,3
TradingPost,NativeVillage,3
Salvager,Ambassador,3
Upgrade,Embargo,3
Ambassador,Chapel,3
HuntingParty,Lighthouse,3
Torturer,NativeVillage,3
Masquerade,Swindler,3
Worker'sVillage,Chapel,3
Trader,Ambassador,3
JackofAllTrades,Lighthouse,3
YoungWitch,Loan,3
Apprentice,Chapel,3
WishingWell,Chapel,3
Salvager,Loan,3
JackofAllTrades,Silver,3
Caravan,Chapel,3
JackofAllTrades,Oasis,3
FishingVillage,Steward,3
YoungWitch,FishingVillage,3
CouncilRoom,Fool'sGold,3
YoungWitch,Fool'sGold,3
MiningVillage,Chapel,3
Ambassador,Silver,3
Mountebank,Silver,3
SpiceMerchant,Swindler,3
Silver,Chapel,3
Ambassador,Steward,3
Mine,Fool'sGold,3
Bridge,Chapel,3
Ill-GottenGains,Lighthouse,3
Salvager,Chapel,3
Upgrade,Moat,3
Caravan,Swindler,3
JackofAllTrades,Masquerade,3
Ambassador,Masquerade,3
SeaHag,Menagerie,3
SpiceMerchant,Chapel,3
JackofAllTrades,Loan,3
TradingPost,Cellar,3
JackofAllTrades,Fool'sGold,3
Upgrade,Pawn,3
YoungWitch,Masquerade,3
YoungWitch,Chancellor,3
Minion,Lighthouse,3
JackofAllTrades,Hamlet,3
SeaHag,Oasis,3
YoungWitch,Steward,3
Caravan,Steward,3
SeaHag,Masquerade,3
Ill-GottenGains,Moat,3
Wharf,Lighthouse,3
Ill-GottenGains,NomadCamp,3
Remake,Menagerie,3
Spy,Ambassador,3
YoungWitch,ShantyTown,3
Masquerade,Masquerade,3
Ambassador,Warehouse,3
Salvager,Fool'sGold,3
Quarry,Masquerade,3
Ambassador,Haven,3
NomadCamp,Fool'sGold,3
JackofAllTrades,Swindler,3
Remake,Fool'sGold,3
SeaHag,Swindler,3
Remake,FishingVillage,3
SeaHag,Develop,3
Mountebank,Copper,3
RoyalSeal,Chapel,3
YoungWitch,Develop,3
YoungWitch,Crossroads,3
Tactician,Chapel,3
Cutpurse,Masquerade,3
Ambassador,Swindler,3
Upgrade,NomadCamp,3
Ambassador,Lookout,3
TreasureMap,Chapel,3
Torturer,Hamlet,3
JackofAllTrades,Menagerie,3
HuntingParty,NomadCamp,3
HuntingParty,Crossroads,3
YoungWitch,FortuneTeller,3
FishingVillage,Chapel,3
Masquerade,Scheme,3
Embassy,Chapel,3
Masquerade,Chapel,3
YoungWitch,Silver,3
Moneylender,Masquerade,3
Tunnel,Warehouse,3
Vault,Crossroads,3
Upgrade,,3
Embassy,Fool'sGold,3
YoungWitch,Swindler,3
Monument,Steward,3
Feast,Ambassador,3
Bishop,Ambassador,3
SeaHag,TradeRoute,3
SpiceMerchant,Develop,3
TreasureMap,Ambassador,3
YoungWitch,Menagerie,3
Mountebank,SecretChamber,3
Apprentice,Courtyard,3
Cutpurse,Chapel,3
Ambassador,ShantyTown,3
FarmingVillage,Chapel,3
Steward,Swindler,3
Haggler,Haven,3
Oasis,Chapel,3
Lookout,Swindler,3
Remake,WishingWell,3
Remake,Ambassador,3
Vault,Lighthouse,3
Island,Ambassador,3
TradingPost,Duchess,3
Witch,Copper,3
Ill-GottenGains,Fool'sGold,3
Remake,Loan,3
Ill-GottenGains,Pawn,3
Bishop,Loan,3
Remake,Swindler,3
Feast,Masquerade,3
Ambassador,Hamlet,3
Venture,Courtyard,3
Masquerade,Lighthouse,3
Governor,Lighthouse,3
Masquerade,WishingWell,3
Jester,Crossroads,3
Cutpurse,Ambassador,3
Upgrade,Hamlet,3
NomadCamp,Chapel,3
Contraband,Chapel,3
Spy,Masquerade,3
TradingPost,Herbalist,3
Island,Masquerade,3
Ill-GottenGains,Duchess,3
YoungWitch,Oracle,3
Upgrade,PearlDiver,3
Ambassador,Menagerie,3
YoungWitch,Lighthouse,3
Jester,Haven,3
Trader,Chapel,3
Masquerade,Menagerie,3
FishingVillage,Swindler,2
Bishop,FishingVillage,2
Rabble,Chapel,2
Mandarin,Mountebank,2
Monument,Loan,2
Witch,SecretChamber,2
Oasis,Swindler,2
Menagerie,Chapel,2
Steward,Chapel,2
Loan,Steward,2
Haggler,Lighthouse,2
GhostShip,Crossroads,2
YoungWitch,Moat,2
Tournament,Loan,2
Moneylender,Warehouse,2
Torturer,Fool'sGold,2
Envoy,Ambassador,2
ThroneRoom,Masquerade,2
Swindler,Warehouse,2
Vault,Courtyard,2
Governor,Courtyard,2
Library,Chapel,2
SeaHag,Lighthouse,2
Salvager,Menagerie,2
SeaHag,ShantyTown,2
Conspirator,Ambassador,2
SpiceMerchant,Fool'sGold,2
Bishop,WishingWell,2
Scheme,Chapel,2
Cartographer,Chapel,2
Envoy,Masquerade,2
TreasureMap,Masquerade,2
Witch,Duchess,2
Salvager,Swindler,2
Governor,NomadCamp,2
Apprentice,Lighthouse,2
Mountebank,Herbalist,2
Cache,Chapel,2
Jester,Lighthouse,2
JackofAllTrades,Haven,2
Bishop,Menagerie,2
Remake,Hamlet,2
SeaHag,FortuneTeller,2
Chapel,Lighthouse,2
YoungWitch,Pawn,2
Conspirator,Masquerade,2
Ambassador,Watchtower,2
SeaHag,Haven,2
Tournament,ShantyTown,2
JackofAllTrades,Courtyard,2
Treasury,Lighthouse,2
Governor,Embargo,2
Militia,Steward,2
Mine,Crossroads,2
Conspirator,Chapel,2
JackofAllTrades,NativeVillage,2
ThroneRoom,Ambassador,2
Monument,Warehouse,2
JackofAllTrades,Village,2
YoungWitch,Village,2
HorseTraders,Chapel,2
Moneylender,Chapel,2
Remake,Village,2
Tournament,TradeRoute,2
Tournament,Tournament,2
BlackMarket,Chapel,2
Salvager,Silver,2
Governor,Haven,2
Wharf,Hamlet,2
SeaHag,Watchtower,2
Haggler,Hamlet,2
Potion,Chapel,2
Spy,Chapel,2
Minion,NomadCamp,2
Masquerade,Warehouse,2
Bazaar,Courtyard,2
YoungWitch,Haven,2
Monument,Lookout,2
Ironworks,Chapel,2
HorseTraders,Ambassador,2
Remake,Warehouse,2
YoungWitch,Watchtower,2
FarmingVillage,Steward,2
Witch,Herbalist,2
Remake,Lighthouse,2
Jester,Hamlet,2
Lookout,Masquerade,2
Mine,Haven,2
Embassy,Crossroads,2
Island,Chapel,2
Feast,Chapel,2
Masquerade,Oasis,2
Worker'sVillage,Steward,2
Masquerade,Hamlet,2
JackofAllTrades,FortuneTeller,2
Scheme,Steward,2
Island,Swindler,2
Masquerade,Steward,2
Ironworks,Ambassador,2
Jester,Courtyard,2
MerchantShip,Lighthouse,2
Apprentice,Haven,2
YoungWitch,Warehouse,2
Remake,Scheme,2
YoungWitch,GreatHall,2
Salvager,Haven,2
Explorer,Lighthouse,2
YoungWitch,Oasis,2
Torturer,Lighthouse,2
Salvager,FishingVillage,2
Apprentice,Pawn,2
Apprentice,Embargo,2
Silver,Steward,2
RoyalSeal,Courtyard,2
Remake,Courtyard,2
Vault,PearlDiver,2
Mine,Courtyard,2
Steward,Steward,2
Remodel,Chapel,2
Smithy,Ambassador,2
Vault,Embargo,2
YoungWitch,Courtyard,2
TradingPost,SecretChamber,2
YoungWitch,Woodcutter,2
Envoy,FishingVillage,2
Haggler,Fool'sGold,2
Ambassador,Courtyard,2
Potion,Swindler,2
JackofAllTrades,Steward,2
SeaHag,Village,2
Treasury,Courtyard,2
Salvager,Masquerade,2
FortuneTeller,Chapel,2
Island,Loan,2
Upgrade,Crossroads,2
Ill-GottenGains,Copper,2
Militia,Lookout,2
Jester,PearlDiver,2
SpiceMerchant,Warehouse,2
Vault,NomadCamp,2
SeaHag,Tunnel,2
Moneylender,FishingVillage,2
Monument,FishingVillage,2
Remake,Chapel,2
Salvager,Scheme,2
Steward,Warehouse,2
JackofAllTrades,Embargo,2
Stash,Chapel,2
Trader,Menagerie,2
Margrave,Crossroads,2
Bishop,Fool'sGold,2
Margrave,Lighthouse,2
SeaHag,Embargo,2
Swindler,Lighthouse,2
Talisman,Masquerade,2
Wharf,NativeVillage,2
Haggler,Crossroads,2
FarmingVillage,Swindler,2
Trader,Courtyard,2
Torturer,Haven,2
Ambassador,,2
Island,Fool'sGold,2
Apprentice,Fool'sGold,2
Harvest,Chapel,2
Tournament,Develop,2
Apprentice,NomadCamp,2
Moneylender,Steward,2
Remake,Masquerade,2
Remake,Haven,2
Governor,Fool'sGold,2
TreasureMap,Warehouse,2
Quarry,Steward,2
Smithy,FishingVillage,2
Salvager,Lighthouse,2
SeaHag,Courtyard,2
Torturer,Pawn,2
YoungWitch,PearlDiver,2
HorseTraders,Masquerade,2
Upgrade,Duchess,2
Upgrade,Fool'sGold,2
HuntingParty,Embargo,2
Remake,Silver,2
NomadCamp,Silver,2
Tournament,Warehouse,2
Tournament,FortuneTeller,2
WalledVillage,Chapel,2
Smithy,Masquerade,2
ShantyTown,Chapel,2
Library,Lighthouse,2
HuntingParty,Courtyard,2
RoyalSeal,Lighthouse,2
Bridge,Masquerade,2
SeaHag,Hamlet,2
JackofAllTrades,,2
Ambassador,Oasis,2
YoungWitch,Scheme,2
WalledVillage,Swindler,2
Militia,Warehouse,2
Remake,Oasis,2
Steward,Lighthouse,2
HuntingParty,Haven,2
Jester,NativeVillage,2
Apprentice,PearlDiver,2
Salvager,Lookout,2
YoungWitch,Embargo,2
Island,Steward,2
Wharf,Cellar,2
Ambassador,WishingWell,2
Mine,Lighthouse,2
Bishop,Lookout,2
YoungWitch,TradeRoute,2
Governor,Cellar,2
Menagerie,Steward,2
Trader,Scheme,2
Treasury,Crossroads,2
Militia,Loan,2
Ill-GottenGains,Herbalist,2
Minion,Embargo,2
Bishop,Masquerade,2
Monument,Lighthouse,2
Jester,,2
Venture,Moat,2
Laboratory,Crossroads,2
Bishop,Lighthouse,2
MiningVillage,Steward,2
JackofAllTrades,GreatHall,2
Apprentice,Hamlet,2
Treasury,Haven,2
Governor,Crossroads,2
Monument,Oasis,2
Trader,Masquerade,2
Navigator,Ambassador,2
Navigator,Tunnel,2
JackofAllTrades,Watchtower,2
Torturer,Embargo,2
Militia,Silver,2
Silver,Swindler,2
Jester,Pawn,2
City,Chapel,2
NomadCamp,Ambassador,2
Salvager,Village,2
Monument,Swindler,2
Tunnel,Chapel,2
Navigator,Chapel,2
Laboratory,Lighthouse,2
Tribute,Chapel,2
Jester,Embargo,2
Smithy,Loan,2
Village,Chapel,2
Torturer,,2
Bridge,Ambassador,2
Treasury,NomadCamp,2
Governor,Pawn,2
Vault,Haven,2
Bishop,Scheme,2
Remake,PearlDiver,2
WalledVillage,Steward,2
Minion,Pawn,2
SeaHag,Moat,2
Remake,Lookout,2
Remodel,Ambassador,2
Salvager,WishingWell,2
Treasury,Pawn,2
NomadCamp,Chapel,2
Vault,Fool'sGold,2
Tactician,Crossroads,2
Trader,Silver,2
JackofAllTrades,WishingWell,2
Island,Lighthouse,2
Monument,Silver,2
Tactician,Fool'sGold,1
SeaHag,Crossroads,1
Militia,Swindler,1
GhostShip,Haven,1
Apprentice,,1
Caravan,Develop,1
Margrave,NativeVillage,1
Remake,Watchtower,1
Bishop,Silver,1
Mandarin,TradingPost,1
Envoy,Chapel,1
Cutpurse,Lookout,1
Lookout,Steward,1
Masquerade,,1
YoungWitch,Smugglers,1
Loan,Chapel,1
Embassy,Lighthouse,1
TreasureMap,Swindler,1
Haggler,PearlDiver,1
Governor,Hamlet,1
JackofAllTrades,Oracle,1
HuntingParty,Fool'sGold,1
NomadCamp,Chapel,1
Steward,Village,1
Ironworks,Masquerade,1
Ambassador,BlackMarket,1
Oasis,Steward,1
Swindler,Swindler,1
NobleBrigand,Chapel,1
Inn,Ambassador,1
Caravan,FortuneTeller,1
Jester,Fool'sGold,1
Treasury,Embargo,1
Trader,FortuneTeller,1
ThroneRoom,Swindler,1
SeaHag,WishingWell,1
Upgrade,NativeVillage,1
Library,Hamlet,1
Ill-GottenGains,,1
Loan,Swindler,1
NomadCamp,Masquerade,1
Moneylender,Oasis,1
Smithy,Chapel,1
Smithy,Silver,1
Remodel,Loan,1
Baron,Chapel,1
SeaHag,Pawn,1
Vault,Moat,1
Potion,Steward,1
Ambassador,Moat,1
MiningVillage,Swindler,1
Envoy,Loan,1
Remake,ShantyTown,1
Island,Silver,1
Haggler,Courtyard,1
Warehouse,Chapel,1
Remake,Steward,1
Moneylender,Crossroads,1
Monument,Menagerie,1
Bishop,Swindler,1
Mine,Hamlet,1
GhostShip,Hamlet,1
Inn,Tunnel,1
BlackMarket,Masquerade,1
Bishop,Steward,1
Market,Fool'sGold,1
Ill-GottenGains,Embargo,1
Apprentice,Moat,1
RoyalSeal,Moat,1
Talisman,Ambassador,1
Laboratory,Courtyard,1
Jester,Cellar,1
Cutpurse,Warehouse,1
Chapel,Pawn,1
Cutpurse,Steward,1
Conspirator,Steward,1
Ill-GottenGains,Chapel,1
Salvager,Warehouse,1
Remake,Pawn,1
GhostShip,Lighthouse,1
YoungWitch,Duchess,1
YoungWitch,Workshop,1
Envoy,Crossroads,1
Margrave,Hamlet,1
HorseTraders,Fool'sGold,1
Baron,Masquerade,1
Torturer,Courtyard,1
Tactician,Lighthouse,1
Mine,Cellar,1
YoungWitch,Cellar,1
Laboratory,NomadCamp,1
Caravan,Warehouse,1
Baron,Haven,1
Salvager,Steward,1
Salvager,Oasis,1
JackofAllTrades,Cellar,1
SeaHag,Woodcutter,1
Envoy,Fool'sGold,1
Governor,PearlDiver,1
FishingVillage,Oracle,1
Moneylender,Swindler,1
Haggler,Pawn,1
Tournament,Silver,1
Silver,Courtyard,1
Smithy,Steward,1
Salvager,ShantyTown,1
Vault,,1
Quarry,Swindler,1
Torturer,PearlDiver,1
Cutpurse,Loan,1
Governor,Moat,1
Baron,Swindler,1
SeaHag,Chancellor,1
Envoy,Hamlet,1
Haggler,Embargo,1
Wharf,Haven,1
Treasury,Duchess,1
Torturer,NomadCamp,1
Vault,Hamlet,1
Venture,Embargo,1
GhostShip,Embargo,1
Develop,FishingVillage,1
Trader,Lighthouse,1
Conspirator,Loan,1
Monument,Scheme,1
Navigator,Masquerade,1
Remodel,Swindler,1
Inn,Chapel,1
Remodel,Masquerade,1
Cutpurse,FishingVillage,1
Apprentice,Duchess,1
GhostShip,NativeVillage,1
Island,FishingVillage,1
MerchantShip,Crossroads,1
Mine,PearlDiver,1
Moneylender,Silver,1
TreasureMap,Steward,1
Upgrade,Cellar,1
Library,Fool'sGold,1
Masquerade,NativeVillage,1
Ambassador,TradeRoute,1
Torturer,Cellar,1
ShantyTown,Steward,1
Moneylender,Lighthouse,1
SeaHag,BlackMarket,1
Militia,FishingVillage,1
SeaHag,Smugglers,1
Bishop,Village,1
Bridge,NativeVillage,1
SpiceMerchant,FortuneTeller,1
GhostShip,Fool'sGold,1
Woodcutter,Chapel,1
Ironworks,Swindler,1
Embassy,,1
Bishop,ShantyTown,1
TreasureMap,Courtyard,1
Haggler,NativeVillage,1
SpiceMerchant,Silver,1
Militia,Scheme,1
Explorer,Haven,1
Smugglers,Chapel,1
Embassy,NativeVillage,1
Ill-GottenGains,PearlDiver,1
GhostShip,PearlDiver,1
Trader,GreatHall,1
Stables,Lighthouse,1
Wharf,NomadCamp,1
Woodcutter,Fool'sGold,1
ShantyTown,Swindler,1
Ambassador,GreatHall,1
Saboteur,Chapel,1
Minion,Courtyard,1
Salvager,Hamlet,1
Stables,Crossroads,1
Vault,Cellar,1
Bridge,Fool'sGold,1
Mine,Pawn,1
Monument,Village,1
Militia,Oasis,1
Ill-GottenGains,Hamlet,1
HorseTraders,Steward,1
Tournament,Chancellor,1
Bazaar,Lighthouse,1
Trader,Warehouse,1
Lookout,Chapel,1
Ill-GottenGains,Crossroads,1
Quarry,Loan,1
Tournament,FishingVillage,1
Monument,Fool'sGold,1
Envoy,Silver,1
TradeRoute,Fool'sGold,1
YoungWitch,NativeVillage,1
Treasury,PearlDiver,1
Jester,Moat,1
Quarry,TradeRoute,1
Cutpurse,Silver,1
Coppersmith,Masquerade,1
Governor,,1
HorseTraders,FishingVillage,1
Market,Lighthouse,1
Swindler,Watchtower,1
Feast,Swindler,1
SeaHag,PearlDiver,1
Monument,Crossroads,1
Bureaucrat,Masquerade,1
Embassy,Courtyard,1
Smithy,Silver,1
Vault,NativeVillage,1
Moneylender,Menagerie,1
Moneylender,Fool'sGold,1
NomadCamp,SeaHag,1
Mine,,1
Oasis,Tunnel,1
Harvest,Crossroads,1
Caravan,TradeRoute,1
HuntingParty,Pawn,1
MerchantShip,Hamlet,1
NomadCamp,Fool'sGold,1
FortuneTeller,Lookout,1
Bishop,Courtyard,1
Feast,Steward,1
NomadCamp,Lighthouse,1
Talisman,Chapel,1
Inn,Masquerade,1
Ironworks,Steward,1
Scheme,Swindler,1
Highway,NomadCamp,1
Masquerade,Courtyard,1
Moneylender,Lookout,1
Wharf,PearlDiver,1
Masquerade,Cellar,1
Masquerade,Crossroads,1
Rabble,Fool'sGold,1
SeaHag,Workshop,1
GhostShip,Courtyard,1
Vault,Duchess,1
Tournament,Oasis,1
Wharf,Embargo,1
Cutpurse,Swindler,1
Trader,Oasis,1
Navigator,Lookout,1
SpiceMerchant,FishingVillage,1
Venture,Lighthouse,1
Remodel,Lighthouse,1
Trader,WishingWell,1
Torturer,Moat,1
Tactician,SecretChamber,1
SeaHag,Oracle,1
SpiceMerchant,BlackMarket,1
Treasury,NativeVillage,1
MerchantShip,Haven,1
Trader,Lookout,1
Spy,Swindler,1
Masquerade,Pawn,1
Cache,Courtyard,1
GhostShip,Pawn,1
Minion,Haven,1
Remake,GreatHall,1
Swindler,TradeRoute,1
Treasury,Hamlet,1
Caravan,Lookout,1
Potion,Warehouse,1
Baron,Warehouse,1
HorseTraders,Swindler,1
Masquerade,Watchtower,1
Treasury,Fool'sGold,1
Baron,Fool'sGold,1
Festival,Courtyard,1
YoungWitch,BlackMarket,1
Baron,Ambassador,1
Navigator,Swindler,1
Smithy,Fool'sGold,1
Conspirator,Scheme,1
MerchantShip,Fool'sGold,1
Remake,NativeVillage,1
Rabble,Crossroads,1
Quarry,Lookout,1
Envoy,Steward,1
JackofAllTrades,PearlDiver,1
SeaHag,GreatHall,1
FishingVillage,FortuneTeller,1
Vault,Pawn,1
Ironworks,Fool'sGold,1
Envoy,ShantyTown,1
Embassy,Hamlet,1
Trader,Loan,1
Trader,ShantyTown,1
Envoy,Village,1
SpiceMerchant,Lookout,1
Mountebank,Estate,1
Bridge,FishingVillage,1
Militia,ShantyTown,1
Steward,Hamlet,1
SpiceMerchant,TradeRoute,1
Bureaucrat,Ambassador,1
Embassy,Embargo,1
Moneylender,Scheme,1
Remake,FortuneTeller,1
Harvest,Lighthouse,1
Bishop,Oasis,1
Tournament,Scheme,1
Mine,Embargo,1
Baron,FishingVillage,1
Remake,Woodcutter,1
Worker'sVillage,Swindler,1
Island,Oasis,1
Island,Courtyard,1
Rabble,Lighthouse,1
Trader,Steward,1
Tactician,NomadCamp,1
Remake,,1
Bazaar,Moat,1
TreasureMap,Haven,1
Masquerade,Embargo,1
Lookout,Lighthouse,1
Bishop,Warehouse,1
JackofAllTrades,Pawn,1
TradingPost,Copper,1
Laboratory,Pawn,1
Monument,ShantyTown,1
Trader,Village,1
Apprentice,Crossroads,1
SeaHag,,1
Margrave,,1
Remodel,Steward,1
Stables,Courtyard,1
YoungWitch,Hamlet,1
Trader,Embargo,1
Militia,Menagerie,1
Stash,Courtyard,1
HuntingParty,SecretChamber,1
Cutpurse,Scheme,1
Remodel,Haven,1
Militia,Fool'sGold,1
FishingVillage,Lighthouse,1
Stables,Haven,1
Silver,Warehouse,1
FortuneTeller,Loan,1
HuntingParty,Moat,1
Monument,WishingWell,1
Tournament,Menagerie,1
Spy,Steward,1
Monument,Develop,1
Minion,Duchess,1
HuntingParty,,1
Conspirator,Warehouse,1
HuntingParty,Duchess,1
JackofAllTrades,Crossroads,1
SeaHag,Cellar,1
SpiceMerchant,Crossroads,1
Navigator,Silver,1
GhostShip,,1
Tournament,Woodcutter,1
Margrave,Haven,1
Remodel,Lookout,1
MerchantShip,Cellar,1
Bureaucrat,Swindler,1
Tournament,Lighthouse,1
Embassy,PearlDiver,1
Moneylender,Village,1
Jester,NomadCamp,1
Fool'sGold,Fool'sGold,1
Festival,Fool'sGold,1
Trader,Oracle,1
Laboratory,Embargo,1
Salvager,Watchtower,1
SeaHag,NativeVillage,1
Moneylender,Develop,1
SpiceMerchant,Menagerie,1
Potion,ShantyTown,1
Stables,Embargo,1
Monument,NativeVillage,1
Minion,,1
HuntingParty,PearlDiver,1
SpiceMerchant,Oasis,1
CouncilRoom,Crossroads,1
Feast,FishingVillage,1
Outpost,Chapel,1
Haggler,Cellar,1
Island,WishingWell,1
Island,Lookout,1
Feast,Lookout,1
Apprentice,Mandarin,1
Militia,Village,1
Treasury,,1
Stables,NomadCamp,1
Caravan,Silver,1
Develop,ShantyTown,1
Ill-GottenGains,NativeVillage,1
Haggler,,1
Wharf,Pawn,1
Remodel,FishingVillage,1
Loan,ShantyTown,1
Trader,FishingVillage,1
MerchantShip,Pawn,1
Minion,PearlDiver,1
Tactician,Courtyard,1
JackofAllTrades,TradeRoute,1
FishingVillage,Loan,1
HorseTraders,Loan,1
Rabble,NativeVillage,1
Workshop,Chapel,1
Smithy,Swindler,1
Caravan,Workshop,1
Silver,Silver,1
Militia,Lighthouse,1
Remake,BlackMarket,1
Apprentice,NativeVillage,1
Lookout,Lookout,1
Embassy,Pawn,1
Bishop,Hamlet,1
NomadCamp,FishingVillage,1
Caravan,Loan,1
Ambassador,NativeVillage,1
Cache,Hamlet,-1
Smugglers,Cellar,-1
Smithy,WishingWell,-1
Spy,Lookout,-1
Vault,Estate,-1
Cutpurse,Cellar,-1
Coppersmith,Menagerie,-1
Stash,Hamlet,-1
SpiceMerchant,Herbalist,-1
Conspirator,PearlDiver,-1
Envoy,Tunnel,-1
Envoy,GreatHall,-1
NomadCamp,Oracle,-1
Potion,Duchess,-1
Quarry,WishingWell,-1
Worker'sVillage,BlackMarket,-1
FarmingVillage,FishingVillage,-1
Highway,Mandarin,-1
FarmingVillage,Smugglers,-1
Bureaucrat,Develop,-1
FishingVillage,PearlDiver,-1
Potion,Smugglers,-1
Harvest,Duchess,-1
MiningVillage,BlackMarket,-1
Militia,Copper,-1
SpiceMerchant,SecretChamber,-1
Island,PearlDiver,-1
Talisman,Warehouse,-1
Bridge,Develop,-1
Island,Crossroads,-1
Coppersmith,Lighthouse,-1
Contraband,NativeVillage,-1
HornofPlenty,Haven,-1
Moneylender,,-1
Caravan,Pawn,-1
Envoy,Chancellor,-1
Ironworks,Workshop,-1
TradeRoute,Village,-1
TreasureMap,Watchtower,-1
BlackMarket,FortuneTeller,-1
Bureaucrat,NativeVillage,-1
Market,Cellar,-1
Militia,Woodcutter,-1
Mandarin,Mine,-1
Scheme,Haven,-1
HorseTraders,FortuneTeller,-1
Rabble,PearlDiver,-1
Navigator,Chancellor,-1
Workshop,Copper,-1
MiningVillage,FishingVillage,-1
Smugglers,WishingWell,-1
Conspirator,Watchtower,-1
Cutpurse,Embargo,-1
Cutpurse,Copper,-1
Quarry,Fool'sGold,-1
Cartographer,Crossroads,-1
NobleBrigand,Loan,-1
Menagerie,Crossroads,-1
FishingVillage,Tunnel,-1
Highway,,-1
HorseTraders,Smugglers,-1
WalledVillage,Loan,-1
Smithy,Pawn,-1
Loan,Loan,-1
FishingVillage,Hamlet,-1
Feast,Embargo,-1
WalledVillage,Silver,-1
Mandarin,Moneylender,-1
NobleBrigand,FortuneTeller,-1
BlackMarket,Lighthouse,-1
Silver,Crossroads,-1
Smithy,NativeVillage,-1
NobleBrigand,Scheme,-1
HorseTraders,Oracle,-1
Outpost,Lighthouse,-1
Gardens,Loan,-1
Workshop,Haven,-1
Scout,Scheme,-1
Bridge,Courtyard,-1
Militia,,-1
NobleBrigand,Watchtower,-1
Loan,Haven,-1
Rabble,Duchess,-1
Mandarin,Courtyard,-1
GhostShip,Herbalist,-1
Monument,Moat,-1
Spy,FishingVillage,-1
BlackMarket,Village,-1
Festival,,-1
Quarry,Pawn,-1
Baron,NomadCamp,-1
Smithy,PearlDiver,-1
Navigator,Village,-1
TreasureMap,Woodcutter,-1
SecretChamber,Copper,-1
Chancellor,Loan,-1
Salvager,Workshop,-1
MiningVillage,Oasis,-1
Cutpurse,BlackMarket,-1
Smithy,Smugglers,-1
MiningVillage,Chancellor,-1
HorseTraders,WishingWell,-1
Scheme,,-1
NobleBrigand,TradeRoute,-1
Oracle,Oracle,-1
Market,PearlDiver,-1
Cartographer,Cellar,-1
NomadCamp,Pawn,-1
Envoy,Cellar,-1
Mandarin,Conspirator,-1
Inn,Oasis,-1
Scout,Courtyard,-1
Spy,Loan,-1
Worker'sVillage,Oasis,-1
Conspirator,Moat,-1
HornofPlenty,Lighthouse,-1
Warehouse,Workshop,-1
Stash,PearlDiver,-1
Stash,NativeVillage,-1
BlackMarket,PearlDiver,-1
City,Pawn,-1
Inn,Moat,-1
Envoy,Workshop,-1
FarmingVillage,Duchess,-1
Cache,,-1
Conspirator,Village,-1
Woodcutter,Estate,-1
Conspirator,Woodcutter,-1
Trader,Estate,-1
Tribute,NativeVillage,-1
Highway,NativeVillage,-1
TreasureMap,Cellar,-1
SilkRoad,ShantyTown,-1
Coppersmith,Oasis,-1
Smithy,Tunnel,-1
GreatHall,Loan,-1
Scheme,Village,-1
Coppersmith,Haven,-1
Ironworks,TradeRoute,-1
Tunnel,Duchess,-1
MiningVillage,Warehouse,-1
Spy,Courtyard,-1
HorseTraders,Watchtower,-1
CouncilRoom,PearlDiver,-1
NobleBrigand,Moat,-1
Inn,Village,-1
Explorer,SecretChamber,-1
Ironworks,Woodcutter,-1
WalledVillage,Chancellor,-1
Caravan,Scheme,-1
NobleBrigand,NativeVillage,-1
BlackMarket,TradeRoute,-1
Talisman,Lookout,-1
Library,Moat,-1
TradeRoute,Woodcutter,-1
Worker'sVillage,Moat,-1
Tactician,Herbalist,-1
Market,,-1
Quarry,Cellar,-1
GreatHall,Lighthouse,-1
Smugglers,Copper,-1
Militia,Herbalist,-1
Saboteur,NomadCamp,-1
ThroneRoom,FortuneTeller,-1
Talisman,Duchess,-1
City,Lighthouse,-1
Trader,Herbalist,-1
Workshop,SecretChamber,-1
Feast,Smugglers,-1
WishingWell,,-1
Smithy,Embargo,-1
Trader,Tunnel,-1
Baron,Smugglers,-1
SpiceMerchant,Workshop,-1
Remodel,NativeVillage,-1
Spy,Hamlet,-1
FarmingVillage,Fool'sGold,-1
NomadCamp,WalledVillage,-1
TreasureMap,Workshop,-1
Navigator,Smugglers,-1
BlackMarket,Moat,-1
Feast,Pawn,-1
NomadCamp,Hamlet,-1
Remake,Workshop,-1
Smithy,Woodcutter,-1
Cache,Estate,-1
HorseTraders,Moat,-1
TreasureMap,FishingVillage,-1
Remodel,Moat,-1
Remodel,BlackMarket,-1
Wharf,Copper,-1
HorseTraders,Woodcutter,-1
Quarry,Chancellor,-1
Stash,Cellar,-1
Bazaar,NativeVillage,-1
Worker'sVillage,FishingVillage,-1
HorseTraders,Herbalist,-1
Bridge,Pawn,-1
TreasureMap,Develop,-1
Island,Tunnel,-1
Saboteur,Courtyard,-1
Quarry,PearlDiver,-1
HorseTraders,Chancellor,-1
Island,GreatHall,-1
Gardens,WishingWell,-1
Remodel,GreatHall,-1
Potion,PearlDiver,-1
Festival,Mandarin,-1
Monument,Workshop,-1
FarmingVillage,WishingWell,-1
Ironworks,Smugglers,-1
Tunnel,Estate,-1
Gardens,Develop,-1
HornofPlenty,NomadCamp,-1
BlackMarket,WishingWell,-1
Mandarin,Embargo,-1
CouncilRoom,Duchess,-1
Navigator,BlackMarket,-1
Spy,Embargo,-1
WalledVillage,Smugglers,-1
FarmingVillage,Watchtower,-1
BlackMarket,Pawn,-1
Bridge,FortuneTeller,-1
CountingHouse,Lighthouse,-1
SilkRoad,Develop,-1
Contraband,Herbalist,-1
Ironworks,Copper,-1
Caravan,Hamlet,-1
Contraband,,-1
SpiceMerchant,,-1
Ironworks,Embargo,-1
Oracle,Cellar,-1
NomadCamp,Moat,-1
Venture,Copper,-1
Oasis,Watchtower,-1
Remodel,,-1
RoyalSeal,Copper,-1
WalledVillage,TradeRoute,-1
Contraband,Cellar,-1
SpiceMerchant,Tunnel,-1
Bishop,Workshop,-1
Village,NativeVillage,-1
Coppersmith,Develop,-1
NomadCamp,Worker'sVillage,-1
Conspirator,Chancellor,-1
CountingHouse,Embargo,-1
Silver,Pawn,-1
Cutpurse,Chancellor,-1
Quarry,Embargo,-1
Potion,Workshop,-1
Bureaucrat,Village,-1
PirateShip,WishingWell,-1
Mandarin,PearlDiver,-1
Coppersmith,Lookout,-1
Bureaucrat,PearlDiver,-1
Remake,Estate,-1
Margrave,SecretChamber,-1
NobleBrigand,Woodcutter,-1
Potion,Village,-1
Caravan,Embargo,-1
Envoy,Copper,-1
FortuneTeller,Estate,-1
Thief,Swindler,-1
Quarry,Tunnel,-1
Smugglers,TradeRoute,-1
Tribute,,-1
Ironworks,Duchess,-1
Loan,Smugglers,-1
Watchtower,Haven,-1
FishingVillage,Village,-1
Spy,BlackMarket,-1
Woodcutter,Copper,-1
Baron,Chancellor,-1
Ironworks,Village,-1
MiningVillage,Woodcutter,-1
Cartographer,Mandarin,-1
Worker'sVillage,Lighthouse,-1
Remodel,TradeRoute,-1
Duchy,Mandarin,-1
Outpost,Courtyard,-1
Inn,Embargo,-1
FarmingVillage,Warehouse,-1
Highway,Cellar,-1
Workshop,Lighthouse,-1
Scheme,Workshop,-1
Conspirator,Pawn,-1
Ironworks,WishingWell,-1
Envoy,Pawn,-1
GreatHall,ShantyTown,-1
Coppersmith,PearlDiver,-1
Coppersmith,Scheme,-1
FarmingVillage,Embargo,-1
BlackMarket,Develop,-1
Talisman,Chancellor,-1
Bureaucrat,,-1
Library,Copper,-1
Bazaar,SecretChamber,-1
ShantyTown,Tunnel,-1
Potion,GreatHall,-1
Inn,Pawn,-1
Envoy,Estate,-1
Bishop,Copper,-1
Stash,,-1
ThroneRoom,Lookout,-1
Haggler,SecretChamber,-1
CouncilRoom,,-1
Remodel,Woodcutter,-1
Feast,BlackMarket,-1
SpiceMerchant,Copper,-1
NomadCamp,Crossroads,-1
Baron,Develop,-1
Tournament,,-1
Inn,PearlDiver,-1
Worker'sVillage,Silver,-1
Caravan,SecretChamber,-1
NobleBrigand,Fool'sGold,-1
CouncilRoom,Mandarin,-1
Militia,Moat,-1
NomadCamp,PirateShip,-1
Scheme,Smugglers,-1
Talisman,ShantyTown,-1
Bishop,TradeRoute,-1
Bureaucrat,Watchtower,-1
NomadCamp,Cellar,-1
Potion,Fool'sGold,-1
Bureaucrat,Herbalist,-1
BlackMarket,Fool'sGold,-1
Smugglers,Crossroads,-1
Quarry,Haven,-1
Oasis,Village,-1
Militia,Workshop,-1
Mandarin,NativeVillage,-1
Baron,,-1
NomadCamp,Hamlet,-1
Coppersmith,Silver,-1
Warehouse,Warehouse,-1
Bazaar,Herbalist,-1
Silver,Haven,-1
WalledVillage,Fool'sGold,-1
Navigator,TradeRoute,-1
Mandarin,Moat,-1
Tribute,Pawn,-1
WalledVillage,Lighthouse,-1
Ironworks,BlackMarket,-1
Cutpurse,Estate,-1
Ironworks,Cellar,-1
Bridge,ShantyTown,-1
Village,Lighthouse,-1
Chancellor,Herbalist,-1
Conspirator,Herbalist,-1
Festival,Cellar,-1
Mandarin,Torturer,-1
Conspirator,Smugglers,-1
Cartographer,,-1
Silver,Village,-1
Worker'sVillage,Chancellor,-1
Duke,NativeVillage,-1
CouncilRoom,Embargo,-1
Bureaucrat,Woodcutter,-1
Tribute,Cellar,-1
GreatHall,Warehouse,-1
Bridge,GreatHall,-1
Smithy,,-1
Rabble,Moat,-1
Quarry,GreatHall,-1
Rabble,Copper,-1
Watchtower,WishingWell,-1
NomadCamp,WishingWell,-1
Talisman,FishingVillage,-1
Bureaucrat,Hamlet,-1
TreasureMap,BlackMarket,-1
Saboteur,PearlDiver,-1
Mandarin,SecretChamber,-1
CouncilRoom,Pawn,-1
Workshop,Moat,-1
Envoy,BlackMarket,-1
Thief,Develop,-1
ThroneRoom,FishingVillage,-1
Ironworks,GreatHall,-1
FarmingVillage,Menagerie,-1
Tournament,GreatHall,-1
Bureaucrat,Estate,-1
Oasis,Cellar,-1
BlackMarket,Chancellor,-1
SilkRoad,Loan,-1
Spy,Menagerie,-1
Mint,Pawn,-1
Duke,Lighthouse,-1
NomadCamp,TradeRoute,-1
Trader,Crossroads,-1
Saboteur,Embargo,-1
Inn,Haven,-1
Baron,Tunnel,-1
SilkRoad,Village,-1
ShantyTown,Village,-1
SilkRoad,Estate,-1
PirateShip,Duchess,-1
Remodel,Smugglers,-1
MiningVillage,Embargo,-1
HorseTraders,NativeVillage,-1
Inn,Crossroads,-1
Monument,SecretChamber,-1
Lookout,Crossroads,-1
Ironworks,Chancellor,-1
WalledVillage,Watchtower,-1
NobleBrigand,Warehouse,-1
Tournament,SecretChamber,-1
Conspirator,Tunnel,-1
TreasureMap,TradeRoute,-1
Tunnel,Village,-1
ThroneRoom,Chancellor,-1
Baron,Workshop,-1
Moneylender,SecretChamber,-1
Island,,-1
HorseTraders,Hamlet,-1
HorseTraders,Haven,-1
Stash,SecretChamber,-1
FishingVillage,Fool'sGold,-1
Rabble,Herbalist,-1
HorseTraders,SecretChamber,-1
FortuneTeller,SecretChamber,-1
Margrave,Herbalist,-1
Remodel,Duchess,-1
Watchtower,Watchtower,-1
Tribute,Hamlet,-1
Tunnel,PearlDiver,-1
NomadCamp,Embargo,-1
Smithy,Chancellor,-1
Baron,TradeRoute,-1
Festival,NativeVillage,-1
Trader,Cellar,-1
MiningVillage,ShantyTown,-1
Conspirator,GreatHall,-1
BlackMarket,Cellar,-1
BlackMarket,GreatHall,-1
ThroneRoom,Loan,-1
Bridge,TradeRoute,-1
Warehouse,Estate,-1
Island,Herbalist,-1
Saboteur,Haven,-1
Highway,Herbalist,-1
Talisman,Woodcutter,-1
FarmingVillage,Scheme,-1
Worker'sVillage,Watchtower,-1
Village,Warehouse,-1
WalledVillage,ShantyTown,-1
Cutpurse,Moat,-1
WalledVillage,Haven,-1
Bridge,Watchtower,-1
Smugglers,Tunnel,-1
HorseTraders,GreatHall,-1
ShantyTown,Smugglers,-1
Smithy,Watchtower,-1
WalledVillage,Oasis,-1
ThroneRoom,Develop,-1
Talisman,Moat,-1
Cartographer,PearlDiver,-1
Upgrade,Estate,-1
Thief,Masquerade,-1
Potion,,-1
Tribute,Copper,-1
Mandarin,PirateShip,-1
Oasis,Haven,-1
Village,Embargo,-1
Conspirator,BlackMarket,-1
BlackMarket,Herbalist,-1
NomadCamp,ThroneRoom,-1
BlackMarket,Embargo,-1
FortuneTeller,Workshop,-1
Harvest,Copper,-1
ThroneRoom,Lighthouse,-1
Conspirator,Haven,-1
CouncilRoom,Cellar,-1
NobleBrigand,WishingWell,-1
NomadCamp,Village,-1
Feast,Village,-1
Quarry,Herbalist,-1
Monument,Copper,-1
Feast,Cellar,-1
Talisman,TradeRoute,-1
Scout,Fool'sGold,-1
Island,Workshop,-1
Bridge,Smugglers,-1
Silver,Hamlet,-1
SpiceMerchant,NativeVillage,-1
Worker'sVillage,Woodcutter,-1
HorseTraders,Cellar,-1
Develop,Workshop,-1
Bridge,Embargo,-1
Caravan,Village,-1
Moneylender,Moat,-1
City,Embargo,-1
RoyalSeal,SecretChamber,-1
NobleBrigand,ShantyTown,-1
Market,NativeVillage,-1
Bridge,Cellar,-1
Tribute,Herbalist,-1
GreatHall,PearlDiver,-1
Highway,SecretChamber,-1
PirateShip,Hamlet,-1
Caravan,Moat,-1
NomadCamp,Chancellor,-1
GreatHall,WishingWell,-1
Chancellor,ShantyTown,-1
GreatHall,Silver,-1
Thief,Ambassador,-1
Jester,Estate,-1
TreasureMap,GreatHall,-1
Cartographer,SecretChamber,-1
Contraband,Copper,-1
MiningVillage,Scheme,-1
Cartographer,NativeVillage,-1
Saboteur,Lighthouse,-1
WalledVillage,Warehouse,-1
Cache,Crossroads,-1
Potion,NativeVillage,-1
Ironworks,Estate,-1
Ironworks,NativeVillage,-1
Baron,Cellar,-1
TreasureMap,PearlDiver,-1
TradeRoute,Workshop,-1
Oasis,Copper,-1
NomadCamp,PearlDiver,-1
HorseTraders,Pawn,-1
Feast,PearlDiver,-1
Caravan,Cellar,-1
City,Crossroads,-1
WalledVillage,Moat,-1
Apprentice,Estate,-1
Worker'sVillage,Smugglers,-1
CountingHouse,Hamlet,-1
GreatHall,Hamlet,-1
Coppersmith,FortuneTeller,-1
BlackMarket,Watchtower,-1
SilkRoad,Watchtower,-1
Talisman,Loan,-1
WalledVillage,FishingVillage,-1
Gardens,PearlDiver,-1
Island,SecretChamber,-1
Oasis,Workshop,-1
Caravan,PearlDiver,-1
FishingVillage,GreatHall,-1
Coppersmith,Embargo,-1
Warehouse,Haven,-1
GreatHall,Workshop,-1
Spy,Herbalist,-1
Saboteur,Copper,-1
Village,Herbalist,-1
Island,NativeVillage,-1
HornofPlenty,Crossroads,-1
Worker'sVillage,Warehouse,-1
Bureaucrat,Chancellor,-1
Library,Herbalist,-1
Potion,Embargo,-1
ShantyTown,,-1
NomadCamp,Silver,-1
Minion,Copper,-1
Ironworks,PearlDiver,-1
ShantyTown,NativeVillage,-1
HorseTraders,PearlDiver,-1
Feast,NativeVillage,-1
Remodel,Crossroads,-1
Talisman,Silver,-1
Conspirator,Fool'sGold,-1
NomadCamp,Spy,-1
City,Mandarin,-1
Silver,Tunnel,-1
Caravan,Tunnel,-1
Bridge,Oracle,-1
Mandarin,NomadCamp,-1
Talisman,BlackMarket,-1
Gardens,Oasis,-1
Bureaucrat,Smugglers,-1
CountingHouse,Crossroads,-1
Inn,Duchess,-1
Watchtower,Embargo,-1
Navigator,Woodcutter,-1
PirateShip,Lookout,-1
Militia,Tunnel,-1
Spy,WishingWell,-1
NomadCamp,ShantyTown,-1
Tunnel,Crossroads,-1
MiningVillage,Lighthouse,-1
Bridge,BlackMarket,-1
Tribute,SecretChamber,-1
Talisman,Lighthouse,-1
Monument,Estate,-1
MiningVillage,Moat,-1
Laboratory,Herbalist,-1
Remodel,Cellar,-1
Talisman,Scheme,-1
Scout,Develop,-1
TreasureMap,Crossroads,-1
NobleBrigand,Crossroads,-1
Conspirator,NativeVillage,-1
PirateShip,Haven,-1
Haven,Copper,-1
Feast,Woodcutter,-1
PirateShip,ShantyTown,-1
Steward,Copper,-1
SilkRoad,FishingVillage,-1
Scout,Embargo,-1
PirateShip,Scheme,-1
Quarry,SecretChamber,-1
MiningVillage,Watchtower,-1
Ironworks,,-1
HornofPlenty,Pawn,-1
Gardens,Hamlet,-1
Cellar,Herbalist,-1
Salvager,SecretChamber,-2
Bureaucrat,Moat,-2
PirateShip,Oasis,-2
NobleBrigand,Hamlet,-2
Coppersmith,Hamlet,-2
Quarry,Duchess,-2
Coppersmith,Loan,-2
BlackMarket,Tunnel,-2
Lookout,Duchess,-2
Talisman,Oasis,-2
Scout,Haven,-2
Bureaucrat,Crossroads,-2
Spy,Oracle,-2
ThroneRoom,Moat,-2
Smithy,BlackMarket,-2
Inn,Hamlet,-2
BlackMarket,ShantyTown,-2
Cutpurse,Workshop,-2
ThroneRoom,Embargo,-2
Bureaucrat,Loan,-2
Worker'sVillage,Menagerie,-2
Caravan,GreatHall,-2
WalledVillage,Woodcutter,-2
Mandarin,,-2
Spy,Woodcutter,-2
Bridge,Tunnel,-2
Spy,Crossroads,-2
PirateShip,Swindler,-2
Bureaucrat,Copper,-2
TreasureMap,,-2
NomadCamp,Smugglers,-2
Gardens,Lighthouse,-2
Trader,Workshop,-2
Cellar,Crossroads,-2
Watchtower,Crossroads,-2
GreatHall,Haven,-2
Duke,Pawn,-2
Hamlet,Hamlet,-2
Spy,Warehouse,-2
Saboteur,Hamlet,-2
Duchy,Embargo,-2
TradeRoute,Crossroads,-2
Talisman,Menagerie,-2
NomadCamp,Copper,-2
NobleBrigand,Smugglers,-2
PirateShip,Warehouse,-2
GreatHall,Smugglers,-2
City,Haven,-2
CountingHouse,Pawn,-2
Treasury,Estate,-2
Quarry,,-2
GreatHall,Scheme,-2
PirateShip,Loan,-2
ThroneRoom,Oracle,-2
Ironworks,Moat,-2
Outpost,Haven,-2
Smugglers,Workshop,-2
Bridge,,-2
Potion,SecretChamber,-2
Silver,Workshop,-2
NobleBrigand,Village,-2
NobleBrigand,Cellar,-2
Woodcutter,Woodcutter,-2
Smithy,Cellar,-2
Coppersmith,Oracle,-2
Silver,Cellar,-2
Baron,Herbalist,-2
GreatHall,Woodcutter,-2
TradeRoute,Copper,-2
BlackMarket,BlackMarket,-2
Bridge,NomadCamp,-2
WalledVillage,Menagerie,-2
SilkRoad,Chancellor,-2
HornofPlenty,Mandarin,-2
ThroneRoom,Courtyard,-2
Talisman,Smugglers,-2
Conspirator,Workshop,-2
MiningVillage,Workshop,-2
Caravan,Herbalist,-2
Loan,Tunnel,-2
Library,SecretChamber,-2
Stables,Copper,-2
Smithy,Herbalist,-2
Scheme,Scheme,-2
HorseTraders,Workshop,-2
NomadCamp,BlackMarket,-2
Contraband,SecretChamber,-2
Bridge,Moat,-2
Outpost,NomadCamp,-2
Moneylender,Workshop,-2
ThroneRoom,BlackMarket,-2
ShantyTown,SecretChamber,-2
Moneylender,Copper,-2
TreasureMap,Smugglers,-2
Rabble,SecretChamber,-2
HorseTraders,BlackMarket,-2
Menagerie,Menagerie,-2
Talisman,Herbalist,-2
NomadCamp,Scout,-2
TreasureMap,NativeVillage,-2
TradeRoute,TradeRoute,-2
Coppersmith,Watchtower,-2
HorseTraders,Duchess,-2
Smithy,GreatHall,-2
Saboteur,Cellar,-2
GreatHall,Menagerie,-2
Coppersmith,Courtyard,-2
Silver,Herbalist,-2
Duchy,Chapel,-2
Bureaucrat,TradeRoute,-2
TreasureMap,ShantyTown,-2
CountingHouse,Haven,-2
FishingVillage,Estate,-2
Thief,Oracle,-2
Bureaucrat,Tunnel,-2
Woodcutter,Workshop,-2
FarmingVillage,Workshop,-2
FarmingVillage,Herbalist,-2
Market,Herbalist,-2
NomadCamp,Thief,-2
Spy,Scheme,-2
Festival,SecretChamber,-2
Scout,Herbalist,-2
ThroneRoom,Scheme,-2
Gardens,Tunnel,-2
Worker'sVillage,Pawn,-2
Smithy,Copper,-2
NomadCamp,NomadCamp,-2
Outpost,Duchess,-2
Spy,Moat,-2
Talisman,Embargo,-2
Talisman,Watchtower,-2
NomadCamp,Tunnel,-2
Venture,Estate,-2
HornofPlenty,Hamlet,-2
Outpost,Hamlet,-2
GreatHall,Cellar,-2
Saboteur,Pawn,-2
Moneylender,Herbalist,-2
Militia,SecretChamber,-2
Saboteur,NativeVillage,-2
ThroneRoom,TradeRoute,-2
Warehouse,,-2
TreasureMap,Hamlet,-2
SilkRoad,Silver,-2
Silver,PearlDiver,-2
Scout,Estate,-2
SilkRoad,Oracle,-2
CountingHouse,Cellar,-2
Conspirator,,-2
Tournament,Cellar,-2
NomadCamp,NativeVillage,-2
Village,Fool'sGold,-2
Oracle,Tunnel,-2
NobleBrigand,GreatHall,-2
Saboteur,Crossroads,-2
PirateShip,FishingVillage,-2
Feast,,-2
Inn,Copper,-2
City,Duchess,-2
Ironworks,Tunnel,-2
NobleBrigand,BlackMarket,-2
Haven,Haven,-2
NomadCamp,Watchtower,-2
Gardens,BlackMarket,-2
Scout,Oasis,-2
Menagerie,Tunnel,-2
Tactician,Copper,-2
Scheme,Tunnel,-2
Mine,Estate,-2
Outpost,Moat,-2
Inn,NativeVillage,-2
Mandarin,Potion,-2
Develop,Develop,-2
Festival,Herbalist,-2
Highway,Copper,-2
Spy,Pawn,-2
Talisman,Pawn,-2
Smugglers,NativeVillage,-2
Smugglers,Village,-2
ThroneRoom,Smugglers,-2
Worker'sVillage,WishingWell,-2
Conspirator,Cellar,-2
MiningVillage,Haven,-2
Haggler,Estate,-2
Bridge,Copper,-2
Gardens,Embargo,-2
Gardens,Woodcutter,-2
Smugglers,SecretChamber,-2
CouncilRoom,Copper,-2
Silver,NativeVillage,-2
Mint,NomadCamp,-2
PirateShip,Crossroads,-2
Feast,Moat,-2
HornofPlenty,NativeVillage,-2
Workshop,,-2
Smithy,Estate,-2
Village,Watchtower,-2
Herbalist,Herbalist,-2
PirateShip,Steward,-2
BlackMarket,Workshop,-2
MiningVillage,Tunnel,-2
Quarry,Workshop,-2
Mandarin,Copper,-2
Island,Cellar,-2
Market,SecretChamber,-2
Torturer,Estate,-2
PirateShip,Silver,-2
Bridge,Woodcutter,-2
Lookout,Workshop,-2
Spy,Haven,-2
Scout,Menagerie,-2
NomadCamp,Woodcutter,-2
TreasureMap,Scheme,-2
Ironworks,Herbalist,-2
GreatHall,Crossroads,-2
Bridge,Workshop,-2
CountingHouse,Moat,-2
ThroneRoom,Silver,-2
Inn,,-2
FishingVillage,SecretChamber,-2
BlackMarket,Smugglers,-2
FarmingVillage,Tunnel,-2
Salvager,Estate,-2
Bridge,Estate,-2
Scout,,-2
NomadCamp,NomadCamp,-2
NomadCamp,GreatHall,-2
Talisman,Haven,-2
HuntingParty,Estate,-2
Bazaar,Curse,-2
CouncilRoom,Moat,-2
ShantyTown,PearlDiver,-2
Coppersmith,Smugglers,-2
CouncilRoom,SecretChamber,-2
Coppersmith,TradeRoute,-2
Talisman,Hamlet,-2
Coppersmith,Village,-2
Smithy,Workshop,-2
Navigator,Workshop,-2
Cartographer,Copper,-2
FarmingVillage,Haven,-2
Talisman,PearlDiver,-2
PirateShip,FortuneTeller,-2
MiningVillage,WishingWell,-2
Feast,GreatHall,-2
TreasureMap,Village,-2
CouncilRoom,Herbalist,-2
Pawn,SecretChamber,-2
Mint,Crossroads,-2
Spy,Smugglers,-2
Scout,Cellar,-2
Explorer,Estate,-2
Village,Crossroads,-2
Tournament,Copper,-2
Gold,Silver,-2
Duchy,Hamlet,-2
Menagerie,,-2
Workshop,NativeVillage,-2
ThroneRoom,Woodcutter,-2
Coppersmith,Woodcutter,-2
Baron,SecretChamber,-2
ThroneRoom,Watchtower,-2
Bureaucrat,SecretChamber,-2
Laboratory,Copper,-2
Outpost,Embargo,-2
MiningVillage,Menagerie,-2
Remodel,SecretChamber,-2
Thief,Steward,-2
Duchy,Crossroads,-2
PirateShip,Village,-2
HornofPlenty,Embargo,-2
PirateShip,Lighthouse,-2
Worker'sVillage,Embargo,-2
BlackMarket,SecretChamber,-2
NomadCamp,BlackMarket,-2
Gardens,FishingVillage,-2
Caravan,,-2
Tournament,Tunnel,-2
Remodel,Workshop,-2
City,PearlDiver,-2
GhostShip,Estate,-2
Gardens,Pawn,-2
WalledVillage,Crossroads,-2
City,Hamlet,-2
Smithy,Moat,-2
MiningVillage,Crossroads,-2
Feast,Workshop,-2
PirateShip,Menagerie,-2
Worker'sVillage,Haven,-2
NomadCamp,SecretChamber,-2
Chancellor,TradeRoute,-2
ThroneRoom,Oasis,-2
Outpost,Crossroads,-2
Thief,Pawn,-2
Scout,FortuneTeller,-2
WishingWell,Workshop,-2
NomadCamp,NativeVillage,-2
Coppersmith,WishingWell,-2
Navigator,GreatHall,-2
Militia,Estate,-2
PirateShip,PearlDiver,-2
ShantyTown,Cellar,-2
Crossroads,Estate,-2
Tunnel,,-2
PearlDiver,Copper,-2
Baron,Copper,-2
Envoy,SecretChamber,-2
MiningVillage,Pawn,-2
Workshop,Herbalist,-2
Scout,Silver,-2
Outpost,NativeVillage,-2
Bazaar,Copper,-2
Talisman,WishingWell,-2
Bishop,Estate,-2
Mandarin,Worker'sVillage,-2
Village,Moat,-2
NomadCamp,TradeRoute,-2
NobleBrigand,Tunnel,-2
Outpost,PearlDiver,-2
Bureaucrat,BlackMarket,-2
Conspirator,Embargo,-2
City,,-2
City,Cellar,-2
ThroneRoom,Pawn,-2
Moat,Moat,-2
Smugglers,Smugglers,-2
Worker'sVillage,Crossroads,-2
Bridge,Chancellor,-2
Herbalist,,-2
Coppersmith,GreatHall,-2
ThroneRoom,ShantyTown,-2
Mandarin,Herbalist,-2
WishingWell,WishingWell,-2
Spy,Watchtower,-2
Worker'sVillage,Scheme,-2
Pawn,,-2
Village,Woodcutter,-2
ThroneRoom,SecretChamber,-2
Woodcutter,Moat,-2
FarmingVillage,Cellar,-2
Bridge,SecretChamber,-2
TreasureMap,Estate,-2
PirateShip,Pawn,-2
MiningVillage,PearlDiver,-2
Inn,Herbalist,-2
Coppersmith,NativeVillage,-2
Scout,Woodcutter,-3
Embargo,Embargo,-3
Tunnel,Tunnel,-3
WalledVillage,WishingWell,-3
SilkRoad,GreatHall,-3
Coppersmith,ShantyTown,-3
Feast,Copper,-3
Saboteur,,-3
Coppersmith,Tunnel,-3
PirateShip,NativeVillage,-3
Inn,Cellar,-3
Stash,Estate,-3
Worker'sVillage,Workshop,-3
NobleBrigand,,-3
BlackMarket,,-3
Spy,PearlDiver,-3
Pawn,Pawn,-3
Thief,Courtyard,-3
CountingHouse,NativeVillage,-3
NomadCamp,,-3
SecretChamber,SecretChamber,-3
Talisman,Village,-3
Scout,FishingVillage,-3
RoyalSeal,Estate,-3
Village,Haven,-3
FishingVillage,,-3
Scout,Loan,-3
CountingHouse,Herbalist,-3
FarmingVillage,SecretChamber,-3
Estate,Curse,-3
Outpost,Pawn,-3
Smithy,SecretChamber,-3
Worker'sVillage,PearlDiver,-3
Harvest,Estate,-3
GreatHall,Courtyard,-3
MiningVillage,Village,-3
Coppersmith,Pawn,-3
Scout,Lighthouse,-3
HornofPlenty,PearlDiver,-3
Potion,Copper,-3
WalledVillage,Embargo,-3
FarmingVillage,Hamlet,-3
Silver,SecretChamber,-3
Feast,Estate,-3
Inn,SecretChamber,-3
HornofPlenty,Cellar,-3
FarmingVillage,Village,-3
ShantyTown,Herbalist,-3
Cutpurse,Herbalist,-3
WalledVillage,Workshop,-3
ThroneRoom,Warehouse,-3
Duchy,Pawn,-3
Talisman,,-3
Potion,Tunnel,-3
Gardens,Watchtower,-3
Saboteur,Moat,-3
Saboteur,Herbalist,-3
Gardens,Cellar,-3
Mandarin,Outpost,-3
Spy,NativeVillage,-3
City,Herbalist,-3
Worker'sVillage,Cellar,-3
Coppersmith,Chancellor,-3
Talisman,Workshop,-3
ThroneRoom,Crossroads,-3
Governor,Estate,-3
HornofPlenty,SecretChamber,-3
Smugglers,Embargo,-3
PirateShip,Moat,-3
FarmingVillage,,-3
FarmingVillage,Crossroads,-3
Ironworks,SecretChamber,-3
Tunnel,Courtyard,-3
Talisman,Tunnel,-3
Remake,Copper,-3
Tunnel,NativeVillage,-3
TradeRoute,Estate,-3
Cellar,Cellar,-3
Scout,Warehouse,-3
Bureaucrat,Workshop,-3
Mandarin,MiningVillage,-3
MerchantShip,Estate,-3
GreatHall,Pawn,-3
PirateShip,Cellar,-3
PirateShip,Woodcutter,-3
Festival,Copper,-3
Lighthouse,Copper,-3
Scout,Oracle,-3
Gardens,Steward,-3
Coppersmith,,-3
Duchy,Duchess,-3
Worker'sVillage,Hamlet,-3
NobleBrigand,Workshop,-3
Caravan,Watchtower,-3
FishingVillage,NativeVillage,-3
Stash,Copper,-3
PirateShip,Copper,-3
Scout,TradeRoute,-3
NativeVillage,,-3
Bridge,Herbalist,-3
Duchy,Herbalist,-3
PirateShip,Herbalist,-3
Duchy,Haven,-3
GreatHall,SecretChamber,-3
SilkRoad,Oasis,-3
Conspirator,SecretChamber,-3
Scout,NativeVillage,-3
HorseTraders,,-3
PirateShip,Chancellor,-3
City,NativeVillage,-3
PirateShip,Embargo,-3
ThroneRoom,Herbalist,-3
Coppersmith,Moat,-3
Coppersmith,BlackMarket,-3
Tournament,Estate,-3
Duchy,SecretChamber,-3
PirateShip,Develop,-3
Scout,Scheme,-3
WalledVillage,Hamlet,-3
Duchy,PearlDiver,-3
ThroneRoom,Tunnel,-3
Scout,PearlDiver,-3
Talisman,SecretChamber,-3
ThroneRoom,Estate,-3
TreasureMap,Tunnel,-3
WalledVillage,SecretChamber,-3
Chancellor,Copper,-3
Island,Estate,-3
Mandarin,Estate,-3
Village,Pawn,-3
NomadCamp,Workshop,-3
Coppersmith,Cellar,-3
MiningVillage,NativeVillage,-3
GreatHall,Village,-3
Talisman,GreatHall,-3
Island,Copper,-3
PirateShip,Workshop,-3
FarmingVillage,NativeVillage,-3
Silver,,-3
Woodcutter,,-3
CountingHouse,PearlDiver,-3
Caravan,NativeVillage,-3
Village,Workshop,-3
MiningVillage,SecretChamber,-3
WalledVillage,Tunnel,-3
Thief,TradeRoute,-3
WalledVillage,Scheme,-3
PirateShip,Courtyard,-3
Spy,Village,-3
MiningVillage,Cellar,-3
Embargo,NativeVillage,-3
Moat,,-3
Tribute,Estate,-3
Saboteur,SecretChamber,-3
PirateShip,SecretChamber,-3
ShantyTown,Workshop,-3
CountingHouse,Copper,-3
Gardens,NativeVillage,-3
Estate,Haven,-3
PirateShip,GreatHall,-3
GreatHall,Watchtower,-3
Spy,,-3
WalledVillage,PearlDiver,-3
Scout,Copper,-3
City,SecretChamber,-3
SilkRoad,Crossroads,-3
PirateShip,Watchtower,-3
Quarry,Copper,-3
Spy,Tunnel,-3
Scout,ShantyTown,-3
Scout,Hamlet,-3
Scout,BlackMarket,-3
CountingHouse,,-3
MiningVillage,Herbalist,-3
Worker'sVillage,Herbalist,-3
Scout,Smugglers,-3
ThroneRoom,PearlDiver,-3
PirateShip,TradeRoute,-3
WalledVillage,NativeVillage,-3
PirateShip,Oracle,-3
Duke,Estate,-3
ThroneRoom,WishingWell,-3
Gardens,Crossroads,-3
Thief,Lookout,-3
Thief,Haven,-3
Market,Copper,-3
Spy,Cellar,-3
ThroneRoom,Menagerie,-3
NomadCamp,Moat,-3
MiningVillage,Hamlet,-3
Thief,Silver,-3
PirateShip,,-3
Talisman,NativeVillage,-3
Talisman,Copper,-3
Moneylender,Estate,-3
HornofPlenty,Herbalist,-3
Remodel,Estate,-3
WalledVillage,Cellar,-3
Margrave,Estate,-3
Scout,Watchtower,-3
MiningVillage,,-3
Talisman,Crossroads,-3
Scout,Lookout,-3
Coppersmith,Herbalist,-3
Tactician,Estate,-3
Feast,SecretChamber,-3
Spy,Workshop,-4
ThroneRoom,NativeVillage,-4
Gardens,Warehouse,-4
Worker'sVillage,GreatHall,-4
Duchy,Courtyard,-4
Thief,Loan,-4
FarmingVillage,Copper,-4
Crossroads,Crossroads,-4
Haven,,-4
Gardens,TradeRoute,-4
FarmingVillage,GreatHall,-4
Outpost,,-4
Thief,Watchtower,-4
Coppersmith,SecretChamber,-4
Talisman,Cellar,-4
PirateShip,Smugglers,-4
Scout,Chancellor,-4
Thief,SecretChamber,-4
Thief,FortuneTeller,-4
WalledVillage,Village,-4
Thief,Warehouse,-4
Wharf,Estate,-4
PearlDiver,PearlDiver,-4
SilkRoad,TradeRoute,-4
Minion,Estate,-4
HornofPlenty,Duchess,-4
GreatHall,Copper,-4
City,Copper,-4
ThroneRoom,,-4
WalledVillage,,-4
Gardens,Silver,-4
FarmingVillage,PearlDiver,-4
PirateShip,Tunnel,-4
MiningVillage,GreatHall,-4
Mandarin,Mandarin,-4
Stables,Estate,-4
Thief,Chancellor,-4
Baron,Estate,-4
Spy,GreatHall,-4
Thief,Smugglers,-4
ThroneRoom,Workshop,-4
PirateShip,BlackMarket,-4
Worker'sVillage,Tunnel,-4
Bazaar,Estate,-4
Worker'sVillage,Village,-4
Mint,Courtyard,-4
ThroneRoom,Haven,-4
Spy,Copper,-4
Outpost,Cellar,-4
Gardens,ShantyTown,-4
WalledVillage,GreatHall,-4
Quarry,Estate,-4
Scout,Moat,-4
Worker'sVillage,,-4
FarmingVillage,Estate,-4
Gardens,Scheme,-4
Thief,Menagerie,-4
Mint,Haven,-4
Thief,Embargo,-4
Scout,Tunnel,-4
GreatHall,Estate,-4
CountingHouse,SecretChamber,-4
Gardens,Village,-4
Caravan,Copper,-4
Oasis,,-4
Thief,Lighthouse,-4
Thief,Woodcutter,-4
Thief,Scheme,-4
Scout,Crossroads,-4
Scout,SecretChamber,-4
SecretChamber,,-4
Chancellor,Tunnel,-4
GreatHall,,-4
Remodel,Copper,-4
FishingVillage,Copper,-4
Saboteur,Estate,-4
Thief,Hamlet,-4
Cartographer,Estate,-4
Thief,Cellar,-4
Inn,Estate,-4
Highway,Estate,-4
Duchy,Moat,-4
Laboratory,Estate,-4
Village,Village,-4
Duchy,Cellar,-4
Worker'sVillage,SecretChamber,-4
Smugglers,,-4
Thief,Oasis,-4
Coppersmith,Workshop,-4
ThroneRoom,Village,-4
Chancellor,Estate,-4
Library,Estate,-4
Mint,Herbalist,-4
Mint,Copper,-4
Scout,WishingWell,-4
ShantyTown,Estate,-4
Scout,GreatHall,-4
Rabble,Estate,-5
Thief,PearlDiver,-5
Worker'sVillage,Copper,-5
Scout,Pawn,-5
Duke,,-5
Thief,ShantyTown,-5
NativeVillage,NativeVillage,-5
Thief,GreatHall,-5
Silver,Curse,-5
Worker'sVillage,NativeVillage,-5
Mint,PearlDiver,-5
Coppersmith,Copper,-5
Silver,Copper,-5
Thief,,-5
Contraband,Estate,-5
Thief,BlackMarket,-5
GreatHall,GreatHall,-5
Watchtower,,-5
Outpost,SecretChamber,-5
Thief,Workshop,-5
ThroneRoom,Hamlet,-5
Worker'sVillage,Estate,-5
Gardens,,-5
Thief,WishingWell,-5
ThroneRoom,Cellar,-5
Market,Estate,-5
Thief,FishingVillage,-5
Spy,SecretChamber,-5
ThroneRoom,GreatHall,-5
Cellar,Estate,-5
WalledVillage,Copper,-5
Mint,Cellar,-5
Outpost,Copper,-5
MiningVillage,Copper,-5
ThroneRoom,Copper,-5
Thief,Moat,-5
CouncilRoom,Estate,-5
Outpost,Herbalist,-5
Village,,-5
Duchy,,-5
Scout,Village,-5
Duchy,NativeVillage,-5
Festival,Estate,-5
Scout,Workshop,-5
Thief,NativeVillage,-5
Thief,Tunnel,-5
Talisman,Estate,-5
Thief,Crossroads,-6
Village,Cellar,-6
HornofPlenty,,-6
MiningVillage,Estate,-6
Gardens,GreatHall,-6
Caravan,Estate,-6
CountingHouse,Estate,-6
Thief,Village,-6
Mint,NativeVillage,-6
Lighthouse,,-6
Mint,Moat,-6
Mint,Hamlet,-6
Coppersmith,Estate,-6
Duchy,Copper,-6
HornofPlenty,Copper,-6
HornofPlenty,Estate,-6
City,Estate,-6
Potion,Estate,-6
Thief,Estate,-7
Mint,,-7
Spy,Estate,-7
PirateShip,Estate,-7
Navigator,Estate,-7
WalledVillage,Estate,-7
Thief,Copper,-7
Outpost,Estate,-7
Silver,Estate,-7
Gardens,Estate,-7
Cellar,,-7
Duchy,Estate,-8
Village,Copper,-8
Copper,Curse,-8
Curse,,-8
Village,Estate,-8
Mint,Estate,-9
Copper,Copper,-9
Estate,,-9
Curse,Curse,-10
Estate,Copper,-10
Estate,Estate,-11
Copper,,-12
